{
  "threshold": 0.5688194036483765,
  "accuracy": 0.8444790046656299,
  "precision": 0.8758389261744967,
  "recall": 0.8055555555555556,
  "sensibilidad": 0.8055555555555556,
  "especificidad": 0.8840125391849529,
  "f1_score": 0.8392282958199357,
  "auc_roc": 0.9279964394906924,
  "vpp": 0.8758389261744967,
  "vpn": 0.8173913043478261,
  "youden_index": 0.6895680947405085,
  "tp": 261,
  "tn": 282,
  "fp": 37,
  "fn": 63,
  "n_samples": 643,
  "n_positivos": 324,
  "n_negativos": 319,
  "macro_f1": 0.8443129430906908,
  "weighted_f1": 0.8442734046204671,
  "auc_roc_ci_lower": 0.9087843264282863,
  "auc_roc_ci_upper": 0.9479810980714761
}