{
  "selected_threshold": 0.3798363804817199,
  "oof_selected_metrics": {
    "threshold": 0.3798363804817199,
    "accuracy": 0.8465045592705167,
    "sensitivity": 0.882183908045977,
    "specificity": 0.8064516129032258,
    "precision": 0.8365122615803815,
    "f1": 0.8587412587412587,
    "tp": 307,
    "tn": 250,
    "fp": 60,
    "fn": 41
  }
}